{'backdrop_path': '/eCqIpFpYIcZpCBexU3y8BfZKR7f.jpg', 'id': 552524, 'title': 'Lilo & Stitch', 'original_title': 'Lilo & Stitch', 'overview': 'The wildly funny and touching story of a lonely Hawaiian girl and the fugitive alien who helps to mend her broken family.', 'poster_path': '/tUae3mefrDVTgm5mRzqWnZK6fOP.jpg', 'media_type': 'movie', 'adult': False, 'original_language': 'en', 'genre_ids': [10751, 35, 878], 'popularity': 130.711, 'release_date': '2025-05-17', 'video': False, 'vote_average': 7.0, 'vote_count': 34}
{'backdrop_path': '/1p5aI299YBnqrEEvVGJERk2MXXb.jpg', 'id': 575265, 'title': 'Mission: Impossible - The Final Reckoning', 'original_title': 'Mission: Impossible - The Final Reckoning', 'overview': "Ethan Hunt and the IMF team continue their search for the terrifying AI known as the Entity — which has infiltrated intelligence networks all over the globe — with the world's governments and a mysterious ghost from Ethan's past on their trail. Joined by new allies and armed with the means to shut the Entity down for good, Hunt is in a race against time to prevent the world as we know it from changing forever.", 'poster_path': '/z53D72EAOxGRqdr7KXXWp9dJiDe.jpg', 'media_type': 'movie', 'adult': False, 'original_language': 'en', 'genre_ids': [28, 12, 53], 'popularity': 243.883, 'release_date': '2025-05-15', 'video': False, 'vote_average': 7.154, 'vote_count': 149}
{'backdrop_path': '/j0NUh5irX7q2jIRtbLo8TZyRn6y.jpg', 'id': 574475, 'title': 'Final Destination Bloodlines', 'original_title': 'Final Destination Bloodlines', 'overview': 'Plagued by a violent recurring nightmare, college student Stefanie heads home to track down the one person who might be able to break the cycle and save her family from the grisly demise that inevitably awaits them all.', 'poster_path': '/6WxhEvFsauuACfv8HyoVX6mZKFj.jpg', 'media_type': 'movie', 'adult': False, 'original_language': 'en', 'genre_ids': [27, 9648], 'popularity': 525.7559, 'release_date': '2025-05-09', 'video': False, 'vote_average': 7.1, 'vote_count': 313}
{'backdrop_path': '/dJ1JpHuTCRxtGpRq8bQzk2jBqTi.jpg', 'id': 896536, 'title': 'The Legend of Ochi', 'original_title': 'The Legend of Ochi', 'overview': 'In a remote village on the island of Carpathia, a shy farm girl named Yuri is raised to fear an elusive animal species known as ochi. But when Yuri discovers a wounded baby ochi has been left behind, she escapes on a quest to bring him home.', 'poster_path': '/wVujUVvY4qvKARAslItQ4ARKqtz.jpg', 'media_type': 'movie', 'adult': False, 'original_language': 'en', 'genre_ids': [14, 12, 10751], 'popularity': 118.1057, 'release_date': '2025-04-18', 'video': False, 'vote_average': 5.9, 'vote_count': 47}
{'backdrop_path': '/3ciAiEBD4yxZYoXMxEnZF6Q0u58.jpg', 'id': 627725, 'title': 'The Banker', 'original_title': 'The Banker', 'overview': 'In the 1960s, two entrepreneurs hatch an ingenious business plan to fight for housing integration—and equal access to the American Dream. Nicholas Hoult and Nia Long co-star in this drama inspired by true events.', 'poster_path': '/biXzsw22U6vSd0XktmZwAOc4uik.jpg', 'media_type': 'movie', 'adult': False, 'original_language': 'en', 'genre_ids': [18], 'popularity': 19.9088, 'release_date': '2020-03-06', 'video': False, 'vote_average': 7.6, 'vote_count': 1003}
{'backdrop_path': '/2Nti3gYAX513wvhp8IiLL6ZDyOm.jpg', 'id': 950387, 'title': 'A Minecraft Movie', 'original_title': 'A Minecraft Movie', 'overview': "Four misfits find themselves struggling with ordinary problems when they are suddenly pulled through a mysterious portal into the Overworld: a bizarre, cubic wonderland that thrives on imagination. To get back home, they'll have to master this world while embarking on a magical quest with an unexpected, expert crafter, Steve.", 'poster_path': '/yFHHfHcUgGAxziP1C3lLt0q2T4s.jpg', 'media_type': 'movie', 'adult': False, 'original_language': 'en', 'genre_ids': [10751, 35, 12, 14], 'popularity': 757.1254, 'release_date': '2025-03-31', 'video': False, 'vote_average': 6.5, 'vote_count': 1324}
{'backdrop_path': '/nAxGnGHOsfzufThz20zgmRwKur3.jpg', 'id': 1233413, 'title': 'Sinners', 'original_title': 'Sinners', 'overview': 'Trying to leave their troubled lives behind, twin brothers return to their hometown to start again, only to discover that an even greater evil is waiting to welcome them back.', 'poster_path': '/jYfMTSiFFK7ffbY2lay4zyvTkEk.jpg', 'media_type': 'movie', 'adult': False, 'original_language': 'en', 'genre_ids': [27, 53], 'popularity': 116.4377, 'release_date': '2025-04-16', 'video': False, 'vote_average': 7.568, 'vote_count': 746}
{'backdrop_path': '/rthMuZfFv4fqEU4JVbgSW9wQ8rs.jpg', 'id': 986056, 'title': 'Thunderbolts*', 'original_title': 'Thunderbolts*', 'overview': 'After finding themselves ensnared in a death trap, seven disillusioned castoffs must embark on a dangerous mission that will force them to confront the darkest corners of their pasts.', 'poster_path': '/m9EtP1Yrzv6v7dMaC9mRaGhd1um.jpg', 'media_type': 'movie', 'adult': False, 'original_language': 'en', 'genre_ids': [28, 878, 12], 'popularity': 168.8869, 'release_date': '2025-04-30', 'video': False, 'vote_average': 7.5, 'vote_count': 934}
{'backdrop_path': '/TFTfzrkX8L7bAKUcch6qLmjpLu.jpg', 'id': 575264, 'title': 'Mission: Impossible - Dead Reckoning Part One', 'original_title': 'Mission: Impossible - Dead Reckoning Part One', 'overview': "Ethan Hunt and his IMF team embark on their most dangerous mission yet: To track down a terrifying new weapon that threatens all of humanity before it falls into the wrong hands. With control of the future and the world's fate at stake and dark forces from Ethan's past closing in, a deadly race around the globe begins. Confronted by a mysterious, all-powerful enemy, Ethan must consider that nothing can matter more than his mission—not even the lives of those he cares about most.", 'poster_path': '/NNxYkU70HPurnNCSiCjYAmacwm.jpg', 'media_type': 'movie', 'adult': False, 'original_language': 'en', 'genre_ids': [28, 12, 53], 'popularity': 69.1292, 'release_date': '2023-07-08', 'video': False, 'vote_average': 7.532, 'vote_count': 4237}
{'backdrop_path': '/tyfO9jHgkhypUFizRVYD0bytPjP.jpg', 'id': 447273, 'title': 'Snow White', 'original_title': 'Snow White', 'overview': "Following the benevolent King's disappearance, the Evil Queen dominated the once fair land with a cruel streak. Princess Snow White flees the castle when the Queen, in her jealousy over Snow White's inner beauty, tries to kill her. Deep into the dark woods, she stumbles upon seven magical dwarves and a young bandit named Jonathan. Together, they strive to survive the Queen's relentless pursuit and aspire to take back the kingdom.", 'poster_path': '/oLxWocqheC8XbXbxqJ3x422j9PW.jpg', 'media_type': 'movie', 'adult': False, 'original_language': 'en', 'genre_ids': [10751, 14], 'popularity': 295.1677, 'release_date': '2025-03-12', 'video': False, 'vote_average': 4.331, 'vote_count': 893}
{'backdrop_path': '/qSOMdbZ6AOdHR999HWwVAh6ALFI.jpg', 'id': 1249289, 'title': 'Alarum', 'original_title': 'Alarum', 'overview': 'Two married spies caught in the crosshairs of an international intelligence network will stop at nothing to obtain a critical asset. Joe and Lara are agents living off the grid whose quiet retreat at a winter resort is blown to shreds when members of the old guard suspect the two may have joined an elite team of rogue spies, known as Alarum.', 'poster_path': '/v313aUGmMNj6yNveaiQXysBmjVS.jpg', 'media_type': 'movie', 'adult': False, 'original_language': 'en', 'genre_ids': [28, 80, 53], 'popularity': 24.5192, 'release_date': '2025-01-16', 'video': False, 'vote_average': 5.7, 'vote_count': 276}
{'backdrop_path': '/fTrQsdMS2MUw00RnzH0r3JWHhts.jpg', 'id': 1197306, 'title': 'A Working Man', 'original_title': 'A Working Man', 'overview': "Levon Cade left behind a decorated military career in the black ops to live a simple life working construction. But when his boss's daughter, who is like family to him, is taken by human traffickers, his search to bring her home uncovers a world of corruption far greater than he ever could have imagined.", 'poster_path': '/6FRFIogh3zFnVWn7Z6zcYnIbRcX.jpg', 'media_type': 'movie', 'adult': False, 'original_language': 'en', 'genre_ids': [28, 80, 53], 'popularity': 334.5855, 'release_date': '2025-03-26', 'video': False, 'vote_average': 6.626, 'vote_count': 878}
{'backdrop_path': '/8eifdha9GQeZAkexgtD45546XKx.jpg', 'id': 822119, 'title': 'Captain America: Brave New World', 'original_title': 'Captain America: Brave New World', 'overview': 'After meeting with newly elected U.S. President Thaddeus Ross, Sam finds himself in the middle of an international incident. He must discover the reason behind a nefarious global plot before the true mastermind has the entire world seeing red.', 'poster_path': '/pzIddUEMWhWzfvLI3TwxUG2wGoi.jpg', 'media_type': 'movie', 'adult': False, 'original_language': 'en', 'genre_ids': [28, 53, 878], 'popularity': 123.7693, 'release_date': '2025-02-12', 'video': False, 'vote_average': 6.114, 'vote_count': 1872}
{'backdrop_path': '/sra8XnL96OyLHENcglmZJg6HA8z.jpg', 'id': 954, 'title': 'Mission: Impossible', 'original_title': 'Mission: Impossible', 'overview': "When Ethan Hunt, the leader of a crack espionage team whose perilous operation has gone awry with no explanation, discovers that a mole has penetrated the CIA, he's surprised to learn that he's the prime suspect. To clear his name, Hunt now must ferret out the real double agent and, in the process, even the score.", 'poster_path': '/l5uxY5m5OInWpcExIpKG6AR3rgL.jpg', 'media_type': 'movie', 'adult': False, 'original_language': 'en', 'genre_ids': [12, 28, 53], 'popularity': 42.8876, 'release_date': '1996-05-22', 'video': False, 'vote_average': 6.998, 'vote_count': 9216}
{'backdrop_path': '/xyAvU9WrfQLCCU2VxLF4t7EMXEF.jpg', 'id': 1234821, 'title': 'Jurassic World Rebirth', 'original_title': 'Jurassic World Rebirth', 'overview': "Five years after the events of Jurassic World Dominion, covert operations expert Zora Bennett is contracted to lead a skilled team on a top-secret mission to secure genetic material from the world's three most massive dinosaurs. When Zora's operation intersects with a civilian family whose boating expedition was capsized, they all find themselves stranded on an island where they come face-to-face with a sinister, shocking discovery that's been hidden from the world for decades.", 'poster_path': '/8BZ6oGDE336qFshFC44WxZtosBX.jpg', 'media_type': 'movie', 'adult': False, 'original_language': 'en', 'genre_ids': [878, 12, 53, 27], 'popularity': 42.1218, 'release_date': '2025-07-01', 'video': False, 'vote_average': 0.0, 'vote_count': 0}
{'backdrop_path': '/sjcPWJ5TXgFglsoixNxyZRyEUq3.jpg', 'id': 956, 'title': 'Mission: Impossible III', 'original_title': 'Mission: Impossible III', 'overview': "Retired from active duty, and training recruits for the Impossible Mission Force, agent Ethan Hunt faces the toughest foe of his career: Owen Davian, an international broker of arms and information, who's as cunning as he is ruthless. Davian emerges to threaten Hunt and all that he holds dear – including the woman Hunt loves.", 'poster_path': '/vKGYCpmQyV9uHybWDzXuII8Los5.jpg', 'media_type': 'movie', 'adult': False, 'original_language': 'en', 'genre_ids': [12, 28, 53], 'popularity': 22.5448, 'release_date': '2006-04-25', 'video': False, 'vote_average': 6.743, 'vote_count': 7060}
{'backdrop_path': '/tCaOn8HirBT31qStAWePe6yEhhD.jpg', 'id': 1175106, 'title': 'Apple Music Live: Dominic Fike', 'original_title': 'Apple Music Live: Dominic Fike', 'overview': 'Dominic Fike, the singer and songwriter behind Sunburn and star of Euphoria, performs his hits in Atlanta.', 'poster_path': '/sriF1sL2KqBXCTCUFYiFPQZoIMA.jpg', 'media_type': 'movie', 'adult': False, 'original_language': 'en', 'genre_ids': [10402], 'popularity': 1.6197, 'release_date': '2023-09-06', 'video': False, 'vote_average': 8.0, 'vote_count': 1}
{'backdrop_path': '/w102m4HoCP5uxhW8Yh7Hv7QShix.jpg', 'id': 11544, 'title': 'Lilo & Stitch', 'original_title': 'Lilo & Stitch', 'overview': 'As Stitch, a runaway genetic experiment from a faraway planet, wreaks havoc on the Hawaiian Islands, he becomes the mischievous adopted alien "puppy" of an independent little girl named Lilo and learns about loyalty, friendship, and ʻohana, the Hawaiian tradition of family.', 'poster_path': '/m13Vbzv7R2GMAl3GXFrkmMEgCFQ.jpg', 'media_type': 'movie', 'adult': False, 'original_language': 'en', 'genre_ids': [16, 10751, 35], 'popularity': 52.2852, 'release_date': '2002-06-21', 'video': False, 'vote_average': 7.541, 'vote_count': 6466}
{'backdrop_path': '/7HqLLVjdjhXS0Qoz1SgZofhkIpE.jpg', 'id': 1087192, 'title': 'How to Train Your Dragon', 'original_title': 'How to Train Your Dragon', 'overview': 'On the rugged isle of Berk, where Vikings and dragons have been bitter enemies for generations, Hiccup stands apart, defying centuries of tradition when he befriends Toothless, a feared Night Fury dragon. Their unlikely bond reveals the true nature of dragons, challenging the very foundations of Viking society.', 'poster_path': '/47HoQdGvW4Jy4ntUbsQ3bEnJHDh.jpg', 'media_type': 'movie', 'adult': False, 'original_language': 'en', 'genre_ids': [28, 10751, 14], 'popularity': 24.2305, 'release_date': '2025-06-06', 'video': False, 'vote_average': 0.0, 'vote_count': 0}
{'backdrop_path': '/5IbxcBXZ5EhVAttfNDMPncikudr.jpg', 'id': 541671, 'title': 'From the World of John Wick: Ballerina', 'original_title': 'From the World of John Wick: Ballerina', 'overview': 'Taking place during the events of John Wick: Chapter 3 - Parabellum, Eve Macarro begins her training in the assassin traditions of the Ruska Roma.', 'poster_path': '/mKp4euM5Cv3m2U1Vmby3OGwcD5y.jpg', 'media_type': 'movie', 'adult': False, 'original_language': 'en', 'genre_ids': [28, 53, 80], 'popularity': 20.3001, 'release_date': '2025-06-04', 'video': False, 'vote_average': 0.0, 'vote_count': 0}
{'backdrop_path': '/5IbxcBXZ5EhVAttfNDMPncikudr.jpg', 'id': 541671, 'title': 'From the World of John Wick: Ballerina', 'original_title': 'From the World of John Wick: Ballerina', 'overview': 'Taking place during the events of John Wick: Chapter 3 - Parabellum, Eve Macarro begins her training in the assassin traditions of the Ruska Roma.', 'poster_path': '/mKp4euM5Cv3m2U1Vmby3OGwcD5y.jpg', 'media_type': 'movie', 'adult': False, 'original_language': 'en', 'genre_ids': [28, 53, 80], 'popularity': 20.3001, 'release_date': '2025-06-04', 'video': False, 'vote_average': 0.0, 'vote_count': 0}
{'backdrop_path': '/l33oR0mnvf20avWyIMxW02EtQxn.jpg', 'id': 157336, 'title': 'Interstellar', 'original_title': 'Interstellar', 'overview': 'The adventures of a group of explorers who make use of a newly discovered wormhole to surpass the limitations on human space travel and conquer the vast distances involved in an interstellar voyage.', 'poster_path': '/gEU2QniE6E77NI6lCU6MxlNBvIx.jpg', 'media_type': 'movie', 'adult': False, 'original_language': 'en', 'genre_ids': [12, 18, 878], 'popularity': 35.8526, 'release_date': '2014-11-05', 'video': False, 'vote_average': 8.455, 'vote_count': 37143}
{'backdrop_path': '/8PHTO4a11JuZwYko7QPBUWq45wJ.jpg', 'id': 911430, 'title': 'F1 The Movie', 'original_title': 'F1 The Movie', 'overview': 'Racing legend Sonny Hayes is coaxed out of retirement to lead a struggling Formula 1 team—and mentor a young hotshot driver—while chasing one more chance at glory.', 'poster_path': '/iGyqJwqAHQjRrChcOCo6Nqgkb0B.jpg', 'media_type': 'movie', 'adult': False, 'original_language': 'en', 'genre_ids': [28, 18], 'popularity': 14.6861, 'release_date': '2025-06-22', 'video': False, 'vote_average': 0.0, 'vote_count': 0}
{'backdrop_path': '/wUO4lGA9TDeDDQjfvgPXMtmF1EN.jpg', 'id': 1245993, 'title': 'Caught Stealing', 'original_title': 'Caught Stealing', 'overview': "Hank Thompson, a burned-out former baseball player, is unwittingly plunged into a wild fight for survival in the downtown criminal underworld of '90s New York City.", 'poster_path': '/gJGI7urRHi3y4BmKyu9KCT0FyKI.jpg', 'media_type': 'movie', 'adult': False, 'original_language': 'en', 'genre_ids': [80, 53, 35], 'popularity': 7.1212, 'release_date': '2025-08-27', 'video': False, 'vote_average': 0.0, 'vote_count': 0}
{'backdrop_path': '/2w4xG178RpB4MDAIfTkqAuSJzec.jpg', 'id': 11, 'title': 'Star Wars', 'original_title': 'Star Wars', 'overview': 'Princess Leia is captured and held hostage by the evil Imperial forces in their effort to take over the galactic Empire. Venturesome Luke Skywalker and dashing captain Han Solo team together with the loveable robot duo R2-D2 and C-3PO to rescue the beautiful princess and restore peace and justice in the Empire.', 'poster_path': '/6FfCtAuVAW8XJjZ7eWeLibRLWTw.jpg', 'media_type': 'movie', 'adult': False, 'original_language': 'en', 'genre_ids': [12, 28, 878], 'popularity': 27.4854, 'release_date': '1977-05-25', 'video': False, 'vote_average': 8.205, 'vote_count': 21154}
{'backdrop_path': '/7nfpkR9XsQ1lBNCXSSHxGV7Dkxe.jpg', 'id': 1084242, 'title': 'Zootopia 2', 'original_title': 'Zootopia 2', 'overview': 'Detectives Judy Hopps and Nick Wilde find themselves on the twisting trail of a mysterious reptile who arrives in Zootopia and turns the mammal metropolis upside down.', 'poster_path': '/LrMBxFwnsMgXTnaWqHYinn3vDN.jpg', 'media_type': 'movie', 'adult': False, 'original_language': 'en', 'genre_ids': [10751, 35, 12, 16], 'popularity': 18.9101, 'release_date': '2025-11-26', 'video': False, 'vote_average': 0.0, 'vote_count': 0}
{'backdrop_path': '/hwlyY7LJdEFbCPaGNXiskKKmJ5X.jpg', 'id': 1126166, 'title': 'Flight Risk', 'original_title': 'Flight Risk', 'overview': "A U.S. Marshal escorts a government witness to trial after he's accused of getting involved with a mob boss, only to discover that the pilot who is transporting them is also a hitman sent to assassinate the informant. After they subdue him, they're forced to fly together after discovering that there are others attempting to eliminate them.", 'poster_path': '/q0bCG4NX32iIEsRFZqRtuvzNCyZ.jpg', 'media_type': 'movie', 'adult': False, 'original_language': 'en', 'genre_ids': [28, 53], 'popularity': 53.9844, 'release_date': '2025-01-22', 'video': False, 'vote_average': 6.116, 'vote_count': 727}
{'backdrop_path': '/24DZfupDlhXeTchmcOkoGRhP5Vg.jpg', 'id': 955, 'title': 'Mission: Impossible II', 'original_title': 'Mission: Impossible II', 'overview': 'With computer genius Luther Stickell at his side and a beautiful thief on his mind, agent Ethan Hunt races across Australia and Spain to stop a former IMF agent from unleashing a genetically engineered biological weapon called Chimera. This mission, should Hunt choose to accept it, plunges him into the center of an international crisis of terrifying magnitude.', 'poster_path': '/7us8nE3ldE0gX2cziUz4tKg0Go0.jpg', 'media_type': 'movie', 'adult': False, 'original_language': 'en', 'genre_ids': [12, 28, 53], 'popularity': 20.9023, 'release_date': '2000-05-24', 'video': False, 'vote_average': 6.127, 'vote_count': 6986}
{'backdrop_path': '/aw4FOsWr2FY373nKSxbpNi3fz4F.jpg', 'id': 353081, 'title': 'Mission: Impossible - Fallout', 'original_title': 'Mission: Impossible - Fallout', 'overview': 'When an IMF mission ends badly, the world is faced with dire consequences. As Ethan Hunt takes it upon himself to fulfill his original briefing, the CIA begin to question his loyalty and his motives. The IMF team find themselves in a race against time, hunted by assassins while trying to prevent a global catastrophe.', 'poster_path': '/AkJQpZp9WoNdj7pLYSj1L0RcMMN.jpg', 'media_type': 'movie', 'adult': False, 'original_language': 'en', 'genre_ids': [28, 12], 'popularity': 31.2059, 'release_date': '2018-07-13', 'video': False, 'vote_average': 7.432, 'vote_count': 8494}
{'backdrop_path': '/tGjo4L15aELqZGqQH3ThZQGMKmL.jpg', 'id': 1011477, 'title': 'Karate Kid: Legends', 'original_title': 'Karate Kid: Legends', 'overview': "After a family tragedy, kung fu prodigy Li Fong is uprooted from his home in Beijing and forced to move to New York City with his mother. When a new friend needs his help, Li enters a karate competition – but his skills alone aren't enough. Li's kung fu teacher Mr. Han enlists original Karate Kid Daniel LaRusso for help, and Li learns a new way to fight, merging their two styles into one for the ultimate martial arts showdown.", 'poster_path': '/iXbNjhz2KU64vq6NEVVG5pIxggy.jpg', 'media_type': 'movie', 'adult': False, 'original_language': 'en', 'genre_ids': [28, 12, 18], 'popularity': 89.174, 'release_date': '2025-05-08', 'video': False, 'vote_average': 7.7, 'vote_count': 34}
{'backdrop_path': '/ih4lZkUpmSE7AP3maymiO72xJ1z.jpg', 'id': 56292, 'title': 'Mission: Impossible - Ghost Protocol', 'original_title': 'Mission: Impossible - Ghost Protocol', 'overview': 'Ethan Hunt and his team are racing against time to track down a dangerous terrorist named Hendricks, who has gained access to Russian nuclear launch codes and is planning a strike on the United States. An attempt to stop him ends in an explosion causing severe destruction to the Kremlin and the IMF to be implicated in the bombing, forcing the President to disavow them. No longer being aided by the government, Ethan and his team chase Hendricks around the globe, although they might still be too late to stop a disaster.', 'poster_path': '/eRZTGx7GsiKqPch96k27LK005ZL.jpg', 'media_type': 'movie', 'adult': False, 'original_language': 'en', 'genre_ids': [28, 53, 12], 'popularity': 30.8951, 'release_date': '2011-12-07', 'video': False, 'vote_average': 7.096, 'vote_count': 10125}
{'backdrop_path': '/aESb695wTIF0tB7RTGRebnYrjFK.jpg', 'id': 1098006, 'title': 'Fountain of Youth', 'original_title': 'Fountain of Youth', 'overview': "A treasure-hunting mastermind assembles a team for a life-changing adventure. But to outwit and outrun threats at every turn, he'll need someone even smarter than he is: his estranged sister.", 'poster_path': '/4iWjGghUj2uyHo2Hyw8NFBvsNGm.jpg', 'media_type': 'movie', 'adult': False, 'original_language': 'en', 'genre_ids': [12, 14, 9648], 'popularity': 7.8483, 'release_date': '2025-05-19', 'video': False, 'vote_average': 0.0, 'vote_count': 0}
{'backdrop_path': '/n4R5Ad6rwf87lmllFNuYR3io30V.jpg', 'id': 1249213, 'title': 'Drop', 'original_title': 'Drop', 'overview': 'Violet, a widowed mother on her first date in years, arrives at an upscale restaurant where she is relieved that her date, Henry, is more charming and handsome than she expected. But their chemistry begins to curdle as Violet begins being irritated and then terrorized by a series of anonymous drops to her phone.', 'poster_path': '/dS2S5lpfgRIRQOb7LDCjNsQqKjp.jpg', 'media_type': 'movie', 'adult': False, 'original_language': 'en', 'genre_ids': [9648, 53], 'popularity': 50.1456, 'release_date': '2025-04-10', 'video': False, 'vote_average': 6.512, 'vote_count': 333}
{'backdrop_path': '/bfh9Z3Ghz4FOJAfLOAhmc3ccnHU.jpg', 'id': 671, 'title': "Harry Potter and the Philosopher's Stone", 'original_title': "Harry Potter and the Philosopher's Stone", 'overview': "Harry Potter has lived under the stairs at his aunt and uncle's house his whole life. But on his 11th birthday, he learns he's a powerful wizard—with a place waiting for him at the Hogwarts School of Witchcraft and Wizardry. As he learns to harness his newfound powers with the help of the school's kindly headmaster, Harry uncovers the truth about his parents' deaths—and about the villain who's to blame.", 'poster_path': '/wuMc08IPKEatf9rnMNXvIDxqP4W.jpg', 'media_type': 'movie', 'adult': False, 'original_language': 'en', 'genre_ids': [12, 14], 'popularity': 28.6213, 'release_date': '2001-11-16', 'video': False, 'vote_average': 7.902, 'vote_count': 28216}
{'backdrop_path': '/cJvUJEEQ86LSjl4gFLkYpdCJC96.jpg', 'id': 1241436, 'title': 'Warfare', 'original_title': 'Warfare', 'overview': 'A platoon of Navy SEALs embarks on a dangerous mission in Ramadi, Iraq, with the chaos and brotherhood of war retold through their memories of the event.', 'poster_path': '/srj9rYrjefyWqkLc6l2xjTGeBGO.jpg', 'media_type': 'movie', 'adult': False, 'original_language': 'en', 'genre_ids': [10752, 28], 'popularity': 287.1241, 'release_date': '2025-04-09', 'video': False, 'vote_average': 7.205, 'vote_count': 397}
{'backdrop_path': '/kyp7PSCKPZKGosthRbjfXPm8gJg.jpg', 'id': 1433719, 'title': 'High Ground', 'original_title': 'High Ground', 'overview': 'When a mysterious prisoner lands in his jail, a border town sheriff faces the wrath of a brutal cartel.', 'poster_path': '/cqF7xuZWbBYXWHsp1I1H5PwujPs.jpg', 'media_type': 'movie', 'adult': False, 'original_language': 'en', 'genre_ids': [53, 80, 28], 'popularity': 1.2708, 'release_date': '2025-03-17', 'video': False, 'vote_average': 5.0, 'vote_count': 17}
{'backdrop_path': '/6KDLAU9OnA0FhXP1av8jqavCGG9.jpg', 'id': 9532, 'title': 'Final Destination', 'original_title': 'Final Destination', 'overview': 'After a teenager has a terrifying vision of him and his friends dying in a plane crash, he prevents the accident only to have Death hunt them down, one by one.', 'poster_path': '/1mXhlQMnlfvJ2frxTjZSQNnA9Vp.jpg', 'media_type': 'movie', 'adult': False, 'original_language': 'en', 'genre_ids': [27], 'popularity': 90.2823, 'release_date': '2000-03-17', 'video': False, 'vote_average': 6.614, 'vote_count': 5954}
{'backdrop_path': '/qUc0Hol3eP74dbW4YyqT6oRLYgT.jpg', 'id': 696506, 'title': 'Mickey 17', 'original_title': 'Mickey 17', 'overview': 'Unlikely hero Mickey Barnes finds himself in the extraordinary circumstance of working for an employer who demands the ultimate commitment to the job… to die, for a living.', 'poster_path': '/edKpE9B5qN3e559OuMCLZdW1iBZ.jpg', 'media_type': 'movie', 'adult': False, 'original_language': 'en', 'genre_ids': [878, 35, 12], 'popularity': 41.5087, 'release_date': '2025-02-28', 'video': False, 'vote_average': 6.903, 'vote_count': 1959}
{'backdrop_path': '/3Ptqav56oMiGgOUgDel64zYzxjK.jpg', 'id': 535033, 'title': 'The Sergeant and the Tiger Moth', 'original_title': 'Die sersant en die Tiger Moth', 'overview': "A young man and his girlfriend rebuild an old Tiger Moth with almost no money and parts they battle to find. Her father is totally set against this idea and does not like the boyfriend who claims to be a pilot but does not even have a proper pilot's license. To add to the intrigue, the girlfriend sells her prize white horse to get money for the parts which angers her father even more....", 'poster_path': '/s3fFieFGkkvRN5iAWAP9FAYyhL3.jpg', 'media_type': 'movie', 'adult': False, 'original_language': 'en', 'genre_ids': [35, 18], 'popularity': 1.8109, 'release_date': '1974-12-12', 'video': False, 'vote_average': 7.0, 'vote_count': 1}
{'backdrop_path': '/kbL4jAo7BCQQy2PzxscBkfGaMvg.jpg', 'id': 1100988, 'title': '28 Years Later', 'original_title': '28 Years Later', 'overview': "It's been almost three decades since the rage virus escaped a biological weapons laboratory, and now, still in a ruthlessly enforced quarantine, some have found ways to exist amidst the infected. One such group of survivors lives on a small island connected to the mainland by a single, heavily-defended causeway. When one of the group leaves the island on a mission into the dark heart of the mainland, he discovers secrets, wonders, and horrors that have mutated not only the infected but other survivors as well.", 'poster_path': '/hVKHzr4GwSw0FepqhqQ0DDiYHNY.jpg', 'media_type': 'movie', 'adult': False, 'original_language': 'en', 'genre_ids': [27, 53, 878], 'popularity': 12.1433, 'release_date': '2025-06-18', 'video': False, 'vote_average': 0.0, 'vote_count': 0}
{'backdrop_path': '/kbL4jAo7BCQQy2PzxscBkfGaMvg.jpg', 'id': 1100988, 'title': '28 Years Later', 'original_title': '28 Years Later', 'overview': "It's been almost three decades since the rage virus escaped a biological weapons laboratory, and now, still in a ruthlessly enforced quarantine, some have found ways to exist amidst the infected. One such group of survivors lives on a small island connected to the mainland by a single, heavily-defended causeway. When one of the group leaves the island on a mission into the dark heart of the mainland, he discovers secrets, wonders, and horrors that have mutated not only the infected but other survivors as well.", 'poster_path': '/hVKHzr4GwSw0FepqhqQ0DDiYHNY.jpg', 'media_type': 'movie', 'adult': False, 'original_language': 'en', 'genre_ids': [27, 53, 878], 'popularity': 12.1433, 'release_date': '2025-06-18', 'video': False, 'vote_average': 0.0, 'vote_count': 0}
{'backdrop_path': '/mumZlhM54Ub7fmgDH1Loord9xcP.jpg', 'id': 1137350, 'title': 'The Phoenician Scheme', 'original_title': 'The Phoenician Scheme', 'overview': 'The story of a family and a family business.', 'poster_path': '/73TCQ5M2pFEEYwEKAQ1NV4DiP3d.jpg', 'media_type': 'movie', 'adult': False, 'original_language': 'en', 'genre_ids': [18, 35, 80], 'popularity': 12.8941, 'release_date': '2025-05-23', 'video': False, 'vote_average': 8.0, 'vote_count': 1}
{'backdrop_path': '/hYZN2rkYblZwKDqq3xll45hfpYk.jpg', 'id': 727333, 'title': 'Come from Away', 'original_title': 'Come from Away', 'overview': '7,000 passengers are stranded in the small town of Gander, Newfoundland after all flights into the US are grounded on September 11, 2001. Filmed live on stage at the Gerald Schoenfeld Theater in New York City.', 'poster_path': '/9hAdtFyiRPyUYtWHzlPIDVsIUQ2.jpg', 'media_type': 'movie', 'adult': False, 'original_language': 'en', 'genre_ids': [35, 18], 'popularity': 2.2142, 'release_date': '2021-09-09', 'video': False, 'vote_average': 7.477, 'vote_count': 43}
{'backdrop_path': '/gfe8onl8FhaJg4C47Kecj7CdNvf.jpg', 'id': 1151039, 'title': 'Nonnas', 'original_title': 'Nonnas', 'overview': 'After losing his beloved mother, a man risks everything to honor her by opening an Italian restaurant with actual nonnas — grandmothers — as the chefs.', 'poster_path': '/5Bf1xlxLuCHdi74MpdFi2Yz3FGJ.jpg', 'media_type': 'movie', 'adult': False, 'original_language': 'en', 'genre_ids': [35], 'popularity': 36.2672, 'release_date': '2025-05-01', 'video': False, 'vote_average': 6.756, 'vote_count': 162}
{'backdrop_path': '/aGgr2Q07AcyiWPGODoofgZDUEHp.jpg', 'id': 1226406, 'title': 'Love Hurts', 'original_title': 'Love Hurts', 'overview': 'A realtor is pulled back into the life he left behind after his former partner-in-crime resurfaces with an ominous message. With his crime-lord brother also on his trail, he must confront his past and the history he never fully buried.', 'poster_path': '/skPPVeHoTTVVSJlb0Ib5vrqiuA4.jpg', 'media_type': 'movie', 'adult': False, 'original_language': 'en', 'genre_ids': [28, 35, 10749], 'popularity': 21.3499, 'release_date': '2025-02-06', 'video': False, 'vote_average': 5.9, 'vote_count': 187}
{'backdrop_path': '/mkylBNgH4DSvVWm3SdaKr63rDdt.jpg', 'id': 1093237, 'title': 'Hurry Up Tomorrow', 'original_title': 'Hurry Up Tomorrow', 'overview': 'A musician plagued by insomnia is pulled into an odyssey with a stranger who begins to unravel the very core of his existence.', 'poster_path': '/9W44XSMYbjXdlXcQhD104zPhhhJ.jpg', 'media_type': 'movie', 'adult': False, 'original_language': 'en', 'genre_ids': [53, 10402], 'popularity': 27.079, 'release_date': '2025-05-14', 'video': False, 'vote_average': 5.2, 'vote_count': 27}
{'backdrop_path': '/taxIpoOSUsW6pLCz30VgG8KSvSq.jpg', 'id': 987573, 'title': 'Believers', 'original_title': 'ビリーバーズ', 'overview': 'On a small island somewhere near Japan, three cult members have devoted themselves to the "Deserted Island Program". Calling each other by rank, these people-two men and one women-have been chosen by their superiors to throw off the corrupt influence of modern society and "purify" themselves. But as time passes two of the members begin to give into human desire.', 'poster_path': '/sw1sFRVaUCHD0CVTXtnoEFFYyr6.jpg', 'media_type': 'movie', 'adult': False, 'original_language': 'ja', 'genre_ids': [18], 'popularity': 50.7397, 'release_date': '2022-07-08', 'video': False, 'vote_average': 6.375, 'vote_count': 8}
{'backdrop_path': '/nSV1NIAK0Sp5dM1oiobtqbJ8Jrv.jpg', 'id': 9286, 'title': 'Final Destination 3', 'original_title': 'Final Destination 3', 'overview': "High school senior Wendy's premonition of a deadly rollercoaster ride saves her life and a lucky few, but not from death itself — which seeks out those who escaped their fate.", 'poster_path': '/p7ARuNKUGPGvkBiDtIDvAzYzonX.jpg', 'media_type': 'movie', 'adult': False, 'original_language': 'en', 'genre_ids': [27, 9648], 'popularity': 51.8773, 'release_date': '2006-02-09', 'video': False, 'vote_average': 6.1, 'vote_count': 4068}
{'backdrop_path': '/iveeHEGtkq0dBJZtOcoK650sZ6x.jpg', 'id': 1013601, 'title': 'The Alto Knights', 'original_title': 'The Alto Knights', 'overview': "Two of New York's most notorious organized crime bosses, Frank Costello and Vito Genovese, vie for control of the city's streets. Once the best of friends, petty jealousies and a series of betrayals place them on a deadly collision course that will reshape the Mafia (and America) forever.", 'poster_path': '/95KmR0xNuZZ6DNESDwLKWGIBvMg.jpg', 'media_type': 'movie', 'adult': False, 'original_language': 'en', 'genre_ids': [80, 18, 36], 'popularity': 13.7443, 'release_date': '2025-03-14', 'video': False, 'vote_average': 6.239, 'vote_count': 174}
{'backdrop_path': '/zhFOEVvwyJjGsAqf31FF3H9OXlH.jpg', 'id': 55779, 'title': 'Final Destination 5', 'original_title': 'Final Destination 5', 'overview': 'Death is just as omnipresent as ever, and is unleashed after one man’s premonition saves a group of coworkers from a terrifying suspension bridge collapse. But this group of unsuspecting souls was never supposed to survive, and, in a terrifying race against time, the ill-fated group frantically tries to discover a way to escape Death’s sinister agenda.', 'poster_path': '/5uRF7zATPr0hIMfDcMEfnhMGw6a.jpg', 'media_type': 'movie', 'adult': False, 'original_language': 'en', 'genre_ids': [27, 9648], 'popularity': 77.8613, 'release_date': '2011-08-12', 'video': False, 'vote_average': 6.1, 'vote_count': 3605}
{'backdrop_path': '/mlBmnjDJfsAhvqRVc2aFOjsfh8M.jpg', 'id': 458220, 'title': 'Palmer', 'original_title': 'Palmer', 'overview': "After 12 years in prison, former high school football star Eddie Palmer returns home to put his life back together—and forms an unlikely bond with Sam, an outcast boy from a troubled home. But Eddie's past threatens to ruin his new life and family.", 'poster_path': '/xSDdRAjxKAGi8fUBLOqSrBhJmF0.jpg', 'media_type': 'movie', 'adult': False, 'original_language': 'en', 'genre_ids': [18], 'popularity': 28.7681, 'release_date': '2021-01-28', 'video': False, 'vote_average': 8.115, 'vote_count': 1710}
{'backdrop_path': '/pRjCDn51n9otE0AzpGRYGVWP1LB.jpg', 'id': 933260, 'title': 'The Substance', 'original_title': 'The Substance', 'overview': 'A fading celebrity decides to use a black market drug, a cell-replicating substance that temporarily creates a younger, better version of herself.', 'poster_path': '/evdF1vmLzuzH8EFblqAXBXWRGSi.jpg', 'media_type': 'movie', 'adult': False, 'original_language': 'en', 'genre_ids': [27, 878], 'popularity': 46.8586, 'release_date': '2024-09-07', 'video': False, 'vote_average': 7.1, 'vote_count': 4620}
{'backdrop_path': '/xRyINp9KfMLVjRiO5nCsoRDdvvF.jpg', 'id': 550, 'title': 'Fight Club', 'original_title': 'Fight Club', 'overview': 'A ticking-time-bomb insomniac and a slippery soap salesman channel primal male aggression into a shocking new form of therapy. Their concept catches on, with underground "fight clubs" forming in every town, until an eccentric gets in the way and ignites an out-of-control spiral toward oblivion.', 'poster_path': '/pB8BM7pdSp6B6Ih7QZ4DrQ3PmJK.jpg', 'media_type': 'movie', 'adult': False, 'original_language': 'en', 'genre_ids': [18], 'popularity': 26.3303, 'release_date': '1999-10-15', 'video': False, 'vote_average': 8.4, 'vote_count': 30272}
{'backdrop_path': '/rdxdvXQGqCj2Vb7SvTL8gdxlSzI.jpg', 'id': 870028, 'title': 'The Accountant²', 'original_title': 'The Accountant²', 'overview': 'When an old acquaintance is murdered, Wolff is compelled to solve the case. Realizing more extreme measures are necessary, Wolff recruits his estranged and highly lethal brother, Brax, to help. In partnership with Marybeth Medina, they uncover a deadly conspiracy, becoming targets of a ruthless network of killers who will stop at nothing to keep their secrets buried.', 'poster_path': '/kMDUS7VmFhb2coRfVBoGLR8ADBt.jpg', 'media_type': 'movie', 'adult': False, 'original_language': 'en', 'genre_ids': [80, 53, 28], 'popularity': 43.6996, 'release_date': '2025-04-23', 'video': False, 'vote_average': 7.1, 'vote_count': 170}
{'backdrop_path': '/h3HsfV8Kn9Sz2QWUYYdP5ya23hx.jpg', 'id': 438631, 'title': 'Dune', 'original_title': 'Dune', 'overview': "Paul Atreides, a brilliant and gifted young man born into a great destiny beyond his understanding, must travel to the most dangerous planet in the universe to ensure the future of his family and his people. As malevolent forces explode into conflict over the planet's exclusive supply of the most precious resource in existence-a commodity capable of unlocking humanity's greatest potential-only those who can conquer their fear will survive.", 'poster_path': '/d5NXSklXo0qyIYkgV94XAgMIckC.jpg', 'media_type': 'movie', 'adult': False, 'original_language': 'en', 'genre_ids': [878, 12], 'popularity': 25.3347, 'release_date': '2021-09-15', 'video': False, 'vote_average': 7.781, 'vote_count': 13546}
{'backdrop_path': '/1jXebnKdnb580YOzGuyhuujSGbc.jpg', 'id': 1088096, 'title': 'Goodrich', 'original_title': 'Goodrich', 'overview': "Andy Goodrich's life is upended when his wife enters a rehab program, leaving him on his own with their young kids. Goodrich leans on his daughter from his first marriage, Grace, as he ultimately evolves into the father Grace never had.", 'poster_path': '/269xdEQkEQjjPtM2WeVDAeetJn8.jpg', 'media_type': 'movie', 'adult': False, 'original_language': 'en', 'genre_ids': [35, 18], 'popularity': 3.4156, 'release_date': '2024-10-17', 'video': False, 'vote_average': 6.0, 'vote_count': 61}
{'backdrop_path': '/glmdmHhgqodnnRzhntq2a6vrfOr.jpg', 'id': 778578, 'title': 'Cry of Silence', 'original_title': 'Cry of Silence', 'overview': 'Cry of Silence, is about a double kidnapping, and assault that is presented as an Action Packed ,Dramatic, Thriller that will keep you riveted.', 'poster_path': '/dsUimI4VI1SCI1t8jS7ZwBwt1DW.jpg', 'media_type': 'movie', 'adult': False, 'original_language': 'en', 'genre_ids': [53, 18, 28], 'popularity': 1.053, 'release_date': '2024-05-01', 'video': False, 'vote_average': 6.0, 'vote_count': 1}
{'backdrop_path': '/tKnmfO5lAyu8hpTZMyMaI4lhZpJ.jpg', 'id': 9358, 'title': 'Final Destination 2', 'original_title': 'Final Destination 2', 'overview': "When Kimberly has a violent premonition of a highway pileup she blocks the freeway, keeping a few others meant to die, safe...Or are they? The survivors mysteriously start dying and it's up to Kimberly to stop it before she's next.", 'poster_path': '/dg6Tf98InieJSClSKQJTQevYWmB.jpg', 'media_type': 'movie', 'adult': False, 'original_language': 'en', 'genre_ids': [27, 9648], 'popularity': 58.3086, 'release_date': '2003-01-31', 'video': False, 'vote_average': 6.3, 'vote_count': 4295}
{'backdrop_path': '/plDp52MirFHc2PMJRMNWoG0kfr3.jpg', 'id': 155, 'title': 'The Dark Knight', 'original_title': 'The Dark Knight', 'overview': 'Batman raises the stakes in his war on crime. With the help of Lt. Jim Gordon and District Attorney Harvey Dent, Batman sets out to dismantle the remaining criminal organizations that plague the streets. The partnership proves to be effective, but they soon find themselves prey to a reign of chaos unleashed by a rising criminal mastermind known to the terrified citizens of Gotham as the Joker.', 'poster_path': '/qJ2tW6WMUDux911r6m7haRef0WH.jpg', 'media_type': 'movie', 'adult': False, 'original_language': 'en', 'genre_ids': [18, 28, 80, 53], 'popularity': 28.9467, 'release_date': '2008-07-16', 'video': False, 'vote_average': 8.52, 'vote_count': 33854}
{'backdrop_path': '/mBDoBHUZHHy9WG7dRFndjB8adhc.jpg', 'id': 1022787, 'title': 'Elio', 'original_title': 'Elio', 'overview': 'Elio, a space fanatic with an active imagination, finds himself on a cosmic misadventure where he must form new bonds with eccentric alien lifeforms, navigate a crisis of intergalactic proportions and somehow discover who he is truly meant to be.', 'poster_path': '/w2ARwtc1zoh0pyfwmyhpZHwuXgK.jpg', 'media_type': 'movie', 'adult': False, 'original_language': 'en', 'genre_ids': [10751, 35, 12, 16, 878], 'popularity': 9.3878, 'release_date': '2025-06-12', 'video': False, 'vote_average': 0.0, 'vote_count': 0}
{'backdrop_path': '/h3fsOC10IZ33ACi5VlGySuRJL4x.jpg', 'id': 1136867, 'title': 'Materialists', 'original_title': 'Materialists', 'overview': 'A young, ambitious New York City matchmaker finds herself torn between the perfect match and her imperfect ex.', 'poster_path': '/eDo0pNruy0Qgj6BdTyHIR4cxHY8.jpg', 'media_type': 'movie', 'adult': False, 'original_language': 'en', 'genre_ids': [10749, 18, 35], 'popularity': 9.9168, 'release_date': '2025-06-12', 'video': False, 'vote_average': 0.0, 'vote_count': 0}
{'backdrop_path': '/6t8ES1d12OzWyCGxBeDYLHoaDrT.jpg', 'id': 330459, 'title': 'Rogue One: A Star Wars Story', 'original_title': 'Rogue One: A Star Wars Story', 'overview': 'A rogue band of resistance fighters unite for a mission to steal the Death Star plans and bring a new hope to the galaxy.', 'poster_path': '/i0yw1mFbB7sNGHCs7EXZPzFkdA1.jpg', 'media_type': 'movie', 'adult': False, 'original_language': 'en', 'genre_ids': [28, 12, 878], 'popularity': 20.9113, 'release_date': '2016-12-14', 'video': False, 'vote_average': 7.496, 'vote_count': 15609}
{'backdrop_path': '/xSqaVqkbeSaPmeEyurWBaTSkgL9.jpg', 'id': 989662, 'title': 'A Different Man', 'original_title': 'A Different Man', 'overview': 'Aspiring actor Edward undergoes a radical medical procedure to drastically transform his appearance. But his new dream face quickly turns into a nightmare, as he loses out on the role he was born to play and becomes obsessed with reclaiming what was lost.', 'poster_path': '/lZZKTEvo92u1J5pm7QoEA5yN3du.jpg', 'media_type': 'movie', 'adult': False, 'original_language': 'en', 'genre_ids': [35, 18], 'popularity': 5.2738, 'release_date': '2024-08-24', 'video': False, 'vote_average': 7.049, 'vote_count': 274}
{'backdrop_path': '/ar6vev2b3m2boJuai7wjhqleXuh.jpg', 'id': 1289088, 'title': 'Happy Monday(s)', 'original_title': 'สวัสดีวันจันทร์(ส)', 'overview': 'Earth, a mischievous 8th-year university student, is about to reach its final chapter. In what should be his last semester before graduation, instead of focusing on his studies, he pours all his energy into winning the heart of Sai Mai, a junior student.', 'poster_path': '/qGTieqeFAhLzI3A13yId1Xi4Igo.jpg', 'media_type': 'movie', 'adult': False, 'original_language': 'th', 'genre_ids': [35, 10749, 14, 18], 'popularity': 0.5629, 'release_date': '2025-02-20', 'video': False, 'vote_average': 5.0, 'vote_count': 1}
{'backdrop_path': '/6Y3th2bYdZZ9XQ7P3kVm0eHZgsB.jpg', 'id': 1304943, 'title': 'The Frogs', 'original_title': 'Os Sapos', 'overview': 'One day and one night, in a rustic country house rented by Luciana and Marcelo, who—despite having been together for eight years—have never been openly serious about their relationship. Their neighbors and friends, Cláudio and Fabiana, are seemingly happy. But it only takes getting to know them better to realize they have a very toxic relationship. Paula, Marcelo’s friend since his teens, soon understands she is entering a minefield. She decides to have a fun weekend despite the conflicts she might spark.', 'poster_path': '/m92dlJBmtp5VxrIkcMcXm9i34ca.jpg', 'media_type': 'movie', 'adult': False, 'original_language': 'pt', 'genre_ids': [18, 35], 'popularity': 0.9425, 'release_date': '2025-02-06', 'video': False, 'vote_average': 0.0, 'vote_count': 0}
{'backdrop_path': '/icmmSD4vTTDKOq2vvdulafOGw93.jpg', 'id': 603, 'title': 'The Matrix', 'original_title': 'The Matrix', 'overview': 'Set in the 22nd century, The Matrix tells the story of a computer hacker who joins a group of underground insurgents fighting the vast and powerful computers who now rule the earth.', 'poster_path': '/dXNAPwY7VrqMAo51EKhhCJfaGb5.jpg', 'media_type': 'movie', 'adult': False, 'original_language': 'en', 'genre_ids': [28, 878], 'popularity': 29.3188, 'release_date': '1999-03-31', 'video': False, 'vote_average': 8.226, 'vote_count': 26383}
{'backdrop_path': '/unthV1mq9llhEinIMPcCUImFodt.jpg', 'id': 617126, 'title': 'The Fantastic Four: First Steps', 'original_title': 'The Fantastic Four: First Steps', 'overview': "Against the vibrant backdrop of a 1960s-inspired, retro-futuristic world, Marvel's First Family is forced to balance their roles as heroes with the strength of their family bond, while defending Earth from a ravenous space god called Galactus and his enigmatic Herald, Silver Surfer.", 'poster_path': '/x26MtUlwtWD26d0G0FXcppxCJio.jpg', 'media_type': 'movie', 'adult': False, 'original_language': 'en', 'genre_ids': [878, 12], 'popularity': 13.4725, 'release_date': '2025-07-23', 'video': False, 'vote_average': 0.0, 'vote_count': 0}
{'backdrop_path': '/vMaKc5PwdKIIBt5q7JQjfgyESYT.jpg', 'id': 19912, 'title': 'The Final Destination', 'original_title': 'The Final Destination', 'overview': 'A horrifying premonition saves a young man and his friends from death during a racetrack accident but terrible fates await them nonetheless.', 'poster_path': '/5vxXrr1MqGsT4NNeRITpfDnl4Rq.jpg', 'media_type': 'movie', 'adult': False, 'original_language': 'en', 'genre_ids': [27, 9648], 'popularity': 51.0501, 'release_date': '2009-08-26', 'video': False, 'vote_average': 5.6, 'vote_count': 3440}
{'backdrop_path': '/euYIwmwkmz95mnXvufEmbL6ovhZ.jpg', 'id': 558449, 'title': 'Gladiator II', 'original_title': 'Gladiator II', 'overview': 'Years after witnessing the death of the revered hero Maximus at the hands of his uncle, Lucius is forced to enter the Colosseum after his home is conquered by the tyrannical Emperors who now lead Rome with an iron fist. With rage in his heart and the future of the Empire at stake, Lucius must look to his past to find strength and honor to return the glory of Rome to its people.', 'poster_path': '/2cxhvwyEwRlysAmRH4iodkvo0z5.jpg', 'media_type': 'movie', 'adult': False, 'original_language': 'en', 'genre_ids': [28, 12, 18], 'popularity': 42.9637, 'release_date': '2024-11-13', 'video': False, 'vote_average': 6.738, 'vote_count': 3363}
{'backdrop_path': '/oHPoF0Gzu8xwK4CtdXDaWdcuZxZ.jpg', 'id': 762509, 'title': 'Mufasa: The Lion King', 'original_title': 'Mufasa: The Lion King', 'overview': 'Mufasa, a cub lost and alone, meets a sympathetic lion named Taka, the heir to a royal bloodline. The chance meeting sets in motion an expansive journey of a group of misfits searching for their destiny.', 'poster_path': '/lurEK87kukWNaHd0zYnsi3yzJrs.jpg', 'media_type': 'movie', 'adult': False, 'original_language': 'en', 'genre_ids': [12, 10751, 16], 'popularity': 85.7489, 'release_date': '2024-12-18', 'video': False, 'vote_average': 7.399, 'vote_count': 2117}
{'backdrop_path': '/uKb22E0nlzr914bA9KyA5CVCOlV.jpg', 'id': 402431, 'title': 'Wicked', 'original_title': 'Wicked', 'overview': "In the land of Oz, ostracized and misunderstood green-skinned Elphaba is forced to share a room with the popular aristocrat Glinda at Shiz University, and the two's unlikely friendship is tested as they begin to fulfill their respective destinies as Glinda the Good and the Wicked Witch of the West.", 'poster_path': '/xDGbZ0JJ3mYaGKy4Nzd9Kph6M9L.jpg', 'media_type': 'movie', 'adult': False, 'original_language': 'en', 'genre_ids': [18, 10749, 14], 'popularity': 29.3714, 'release_date': '2024-11-20', 'video': False, 'vote_average': 6.939, 'vote_count': 2121}
{'backdrop_path': '/zzbEAP5d1Ci0QKitpaA8PykHIj4.jpg', 'id': 926008, 'title': 'The Beanie Bubble', 'original_title': 'The Beanie Bubble', 'overview': "Ty was a frustrated toy salesman until his collaboration with three women turned his stuffed animals into a defining '90s trend. This behind-the-scenes look at history's biggest toy craze is a wild story about what—and who—is valued in this world.", 'poster_path': '/9YDW8dCrQyRpppK5985hKY1Mc8X.jpg', 'media_type': 'movie', 'adult': False, 'original_language': 'en', 'genre_ids': [35, 18], 'popularity': 1.4134, 'release_date': '2023-07-21', 'video': False, 'vote_average': 6.43, 'vote_count': 128}
{'backdrop_path': '/tmU7GeKVybMWFButWEGl2M4GeiP.jpg', 'id': 238, 'title': 'The Godfather', 'original_title': 'The Godfather', 'overview': 'Spanning the years 1945 to 1955, a chronicle of the fictional Italian-American Corleone crime family. When organized crime family patriarch, Vito Corleone barely survives an attempt on his life, his youngest son, Michael steps in to take care of the would-be killers, launching a campaign of bloody revenge.', 'poster_path': '/3bhkrj58Vtu7enYsRolD1fZdja1.jpg', 'media_type': 'movie', 'adult': False, 'original_language': 'en', 'genre_ids': [18, 80], 'popularity': 33.9816, 'release_date': '1972-03-14', 'video': False, 'vote_average': 8.687, 'vote_count': 21450}
{'backdrop_path': '/vX0AZfa1LDmbrOaokyhZIxYVLIf.jpg', 'id': 1071585, 'title': 'M3GAN 2.0', 'original_title': 'M3GAN 2.0', 'overview': "After the underlying tech for M3GAN is stolen and misused by a powerful defense contractor to create a military-grade weapon known as Amelia, M3GAN's creator Gemma realizes that the only option is to resurrect M3GAN and give her a few upgrades, making her faster, stronger, and more lethal.", 'poster_path': '/hq0ONyCxMNirXetaEjDY7iOp29p.jpg', 'media_type': 'movie', 'adult': False, 'original_language': 'en', 'genre_ids': [28, 27, 878], 'popularity': 7.762, 'release_date': '2025-06-25', 'video': False, 'vote_average': 0.0, 'vote_count': 0}
{'backdrop_path': '/8ZTVqvKDQ8emSGUEMjsS4yHAwrp.jpg', 'id': 27205, 'title': 'Inception', 'original_title': 'Inception', 'overview': 'Cobb, a skilled thief who commits corporate espionage by infiltrating the subconscious of his targets is offered a chance to regain his old life as payment for a task considered to be impossible: "inception", the implantation of another person\'s idea into a target\'s subconscious.', 'poster_path': '/oYuLEt3zVCKq57qu2F8dT7NIa6f.jpg', 'media_type': 'movie', 'adult': False, 'original_language': 'en', 'genre_ids': [28, 878, 12], 'popularity': 25.6275, 'release_date': '2010-07-15', 'video': False, 'vote_average': 8.369, 'vote_count': 37469}
{'backdrop_path': '/afFHOWMMMCji7T3mhZJdL77N0Gh.jpg', 'id': 535308, 'title': 'Hala', 'original_title': 'Hala', 'overview': 'Meet 17-year-old Hala, who struggles to balance being a suburban teenager with her traditional Muslim upbringing. As she comes into her own, Hala finds herself grappling with a secret that threatens to unravel her family.', 'poster_path': '/oMC0S5kpUq5AFIf4e5bZSEVRB7u.jpg', 'media_type': 'movie', 'adult': False, 'original_language': 'en', 'genre_ids': [18], 'popularity': 1.71, 'release_date': '2019-11-22', 'video': False, 'vote_average': 6.2, 'vote_count': 74}
{'backdrop_path': '/xOMo8BRK7PfcJv9JCnx7s5hj0PX.jpg', 'id': 693134, 'title': 'Dune: Part Two', 'original_title': 'Dune: Part Two', 'overview': 'Follow the mythic journey of Paul Atreides as he unites with Chani and the Fremen while on a path of revenge against the conspirators who destroyed his family. Facing a choice between the love of his life and the fate of the known universe, Paul endeavors to prevent a terrible future only he can foresee.', 'poster_path': '/czembW0Rk1Ke7lCJGahbOhdCuhV.jpg', 'media_type': 'movie', 'adult': False, 'original_language': 'en', 'genre_ids': [878, 12], 'popularity': 27.6013, 'release_date': '2024-02-27', 'video': False, 'vote_average': 8.145, 'vote_count': 6666}
{'backdrop_path': '/2Nhw5RdJXUZlHpbXqImtbvtqjdA.jpg', 'id': 329, 'title': 'Jurassic Park', 'original_title': 'Jurassic Park', 'overview': 'A wealthy entrepreneur secretly creates a theme park featuring living dinosaurs drawn from prehistoric DNA. Before opening day, he invites a team of experts and his two eager grandchildren to experience the park and help calm anxious investors. However, the park is anything but amusing as the security systems go off-line and the dinosaurs escape.', 'poster_path': '/fjTU1Bgh3KJu4aatZil3sofR2zC.jpg', 'media_type': 'movie', 'adult': False, 'original_language': 'en', 'genre_ids': [12, 878], 'popularity': 11.1058, 'release_date': '1993-06-11', 'video': False, 'vote_average': 7.954, 'vote_count': 16751}
{'backdrop_path': '/w93509Dz3Cq5hwlQ1UE9IpTNV5T.jpg', 'id': 765897, 'title': 'The Unbreakable Boy', 'original_title': 'The Unbreakable Boy', 'overview': "When Scott and Teresa LeRette learn that their son Austin is both autistic and has brittle bone disease, they initially worry for their son’s future. But with Scott’s growing faith and Austin’s incredible spirit, they become 'unbreakable', finding joy, gratitude, and courage even in the most trying times.", 'poster_path': '/ob1cuQzzggELGtWx5TchixKsBVn.jpg', 'media_type': 'movie', 'adult': False, 'original_language': 'en', 'genre_ids': [18, 10751], 'popularity': 9.5632, 'release_date': '2025-02-20', 'video': False, 'vote_average': 7.333, 'vote_count': 48}
{'backdrop_path': '/eD7FnB7LLrBV5ewjdGLYTAoV9Mv.jpg', 'id': 245891, 'title': 'John Wick', 'original_title': 'John Wick', 'overview': 'Ex-hitman John Wick comes out of retirement to track down the gangsters that took everything from him.', 'poster_path': '/fZPSd91yGE9fCcCe6OoQr6E3Bev.jpg', 'media_type': 'movie', 'adult': False, 'original_language': 'en', 'genre_ids': [28, 53], 'popularity': 13.2247, 'release_date': '2014-10-22', 'video': False, 'vote_average': 7.444, 'vote_count': 19690}
{'backdrop_path': '/1YMrOtrW7b4pL2lfD8UciZPOJGs.jpg', 'id': 974576, 'title': 'Conclave', 'original_title': 'Conclave', 'overview': 'After the unexpected death of the Pope, Cardinal Lawrence is tasked with managing the covert and ancient ritual of electing a new one. Sequestered in the Vatican with the Catholic Church’s most powerful leaders until the process is complete, Lawrence finds himself at the center of a conspiracy that could lead to its downfall.', 'poster_path': '/l4WXg5oQPK6GVlISKQNIUGb8rKJ.jpg', 'media_type': 'movie', 'adult': False, 'original_language': 'en', 'genre_ids': [18, 53, 9648], 'popularity': 35.3171, 'release_date': '2024-10-25', 'video': False, 'vote_average': 7.2, 'vote_count': 2499}
{'backdrop_path': '/hdHIjZxq3SWFqpAz4NFhdbud0iz.jpg', 'id': 348, 'title': 'Alien', 'original_title': 'Alien', 'overview': 'During its return to the earth, commercial spaceship Nostromo intercepts a distress signal from a distant planet. When a three-member team of the crew discovers a chamber containing thousands of eggs on the planet, a creature inside one of the eggs attacks an explorer. The entire crew is unaware of the impending nightmare set to descend upon them when the alien parasite planted inside its unfortunate host is birthed.', 'poster_path': '/vfrQk5IPloGg1v9Rzbh2Eg3VGyM.jpg', 'media_type': 'movie', 'adult': False, 'original_language': 'en', 'genre_ids': [27, 878], 'popularity': 18.74, 'release_date': '1979-05-25', 'video': False, 'vote_average': 8.164, 'vote_count': 15275}
{'backdrop_path': '/hmZnqijPaaACjenDkrbWcCmcADI.jpg', 'id': 549509, 'title': 'The Brutalist', 'original_title': 'The Brutalist', 'overview': 'When a visionary architect and his wife flee post-war Europe in 1947 to rebuild their legacy and witness the birth of modern United States, their lives are changed forever by a mysterious, wealthy client.', 'poster_path': '/vP7Yd6couiAaw9jgMd5cjMRj3hQ.jpg', 'media_type': 'movie', 'adult': False, 'original_language': 'en', 'genre_ids': [18], 'popularity': 16.9209, 'release_date': '2024-12-20', 'video': False, 'vote_average': 7.028, 'vote_count': 1067}
{'backdrop_path': '/3xKJ0nyUTlySmMBCpOcsuSnFPI1.jpg', 'id': 1232546, 'title': 'Until Dawn', 'original_title': 'Until Dawn', 'overview': 'One year after her sister Melanie mysteriously disappeared, Clover and her friends head into the remote valley where she vanished in search of answers. Exploring an abandoned visitor center, they find themselves stalked by a masked killer and horrifically murdered one by one...only to wake up and find themselves back at the beginning of the same evening.', 'poster_path': '/6O9nkcmZBymDXtxOGJmulqcxJdv.jpg', 'media_type': 'movie', 'adult': False, 'original_language': 'en', 'genre_ids': [27, 9648], 'popularity': 31.0778, 'release_date': '2025-04-23', 'video': False, 'vote_average': 6.3, 'vote_count': 186}
{'backdrop_path': '/fo6Gw1AylyRJSeKk6QqrKD3UUER.jpg', 'id': 1339772, 'title': "The Devil's Bride", 'original_title': 'Pengantin Setan', 'overview': 'Caught in a strained marriage, Echa finds solace in a man who visits her dreams. But comfort turns to terror when he emerges as a malicious spirit.', 'poster_path': '/rRkM4hAoT9wMPsYeHj2SdgJ3lmz.jpg', 'media_type': 'movie', 'adult': False, 'original_language': 'id', 'genre_ids': [27, 53], 'popularity': 6.6105, 'release_date': '2025-01-16', 'video': False, 'vote_average': 7.7, 'vote_count': 3}
{'backdrop_path': '/zo8CIjJ2nfNOevqNajwMRO6Hwka.jpg', 'id': 1241982, 'title': 'Moana 2', 'original_title': 'Moana 2', 'overview': "After receiving an unexpected call from her wayfinding ancestors, Moana journeys alongside Maui and a new crew to the far seas of Oceania and into dangerous, long-lost waters for an adventure unlike anything she's ever faced.", 'poster_path': '/aLVkiINlIeCkcZIzb7XHzPYgO6L.jpg', 'media_type': 'movie', 'adult': False, 'original_language': 'en', 'genre_ids': [16, 12, 10751, 35], 'popularity': 104.7674, 'release_date': '2024-11-21', 'video': False, 'vote_average': 7.081, 'vote_count': 2377}
{'backdrop_path': '/cyecB7godJ6kNHGONFjUyVN9OX5.jpg', 'id': 1726, 'title': 'Iron Man', 'original_title': 'Iron Man', 'overview': 'After being held captive in an Afghan cave, billionaire engineer Tony Stark creates a unique weaponized suit of armor to fight evil.', 'poster_path': '/78lPtwv72eTNqFW9COBYI0dWDJa.jpg', 'media_type': 'movie', 'adult': False, 'original_language': 'en', 'genre_ids': [28, 878, 12], 'popularity': 19.4213, 'release_date': '2008-04-30', 'video': False, 'vote_average': 7.651, 'vote_count': 26967}
{'backdrop_path': '/4A5HH9HkCPqAwyYL6CnA0mxbYjn.jpg', 'id': 1144430, 'title': 'Last Bullet', 'original_title': 'Balle perdue 3', 'overview': 'Car genius Lino returns to conclude his vendetta against Areski and the corrupt commander who ruined their lives in this turbo-charged trilogy finale.', 'poster_path': '/lCI5y1KkjgMoTkZiCleqji00XeE.jpg', 'media_type': 'movie', 'adult': False, 'original_language': 'fr', 'genre_ids': [28, 80, 53, 18], 'popularity': 151.566, 'release_date': '2025-05-06', 'video': False, 'vote_average': 6.798, 'vote_count': 126}
{'backdrop_path': '/kEYWal656zP5Q2Tohm91aw6orlT.jpg', 'id': 1064213, 'title': 'Anora', 'original_title': 'Anora', 'overview': 'A young sex worker from Brooklyn gets her chance at a Cinderella story when she meets and impulsively marries the son of an oligarch. Once the news reaches Russia, her fairytale is threatened as his parents set out to get the marriage annulled.', 'poster_path': '/7MrgIUeq0DD2iF7GR6wqJfYZNeC.jpg', 'media_type': 'movie', 'adult': False, 'original_language': 'en', 'genre_ids': [18, 35, 10749], 'popularity': 34.571, 'release_date': '2024-10-14', 'video': False, 'vote_average': 7.0, 'vote_count': 2176}
{'backdrop_path': '/mA3uqR0EUIO889dxkdjL18IkGta.jpg', 'id': 1082424, 'title': 'Jane Austen Wrecked My Life', 'original_title': 'Jane Austen a gâché ma vie', 'overview': 'An aspiring author looking to get more out of life takes up a writing residency and finds herself in the sort of romantic entanglements that could come from the pages of a Jane Austen novel.', 'poster_path': '/iThaDLBdPHh9ijhWbTTC1IuvpiS.jpg', 'media_type': 'movie', 'adult': False, 'original_language': 'fr', 'genre_ids': [35, 10749, 18], 'popularity': 1.2585, 'release_date': '2025-01-22', 'video': False, 'vote_average': 6.9, 'vote_count': 18}
{'backdrop_path': '/wP0NGOGf2PG4lHXHWEqFW0kBOye.jpg', 'id': 799766, 'title': 'Better Man', 'original_title': 'Better Man', 'overview': "Follow Robbie Williams' journey from childhood, to being the youngest member of chart-topping boyband Take That, through to his unparalleled achievements as a record-breaking solo artist – all the while confronting the challenges that stratospheric fame and success can bring.", 'poster_path': '/fbGCmMp0HlYnAPv28GOENPShezM.jpg', 'media_type': 'movie', 'adult': False, 'original_language': 'en', 'genre_ids': [10402, 18], 'popularity': 10.242, 'release_date': '2024-12-06', 'video': False, 'vote_average': 7.812, 'vote_count': 497}
{'backdrop_path': '/7I6VUdPj6tQECNHdviJkUHD2u89.jpg', 'id': 603692, 'title': 'John Wick: Chapter 4', 'original_title': 'John Wick: Chapter 4', 'overview': 'With the price on his head ever increasing, John Wick uncovers a path to defeating The High Table. But before he can earn his freedom, Wick must face off against a new enemy with powerful alliances across the globe and forces that turn old friends into foes.', 'poster_path': '/vZloFAK7NmvMGKE7VkF5UHaz0I.jpg', 'media_type': 'movie', 'adult': False, 'original_language': 'en', 'genre_ids': [28, 53, 80], 'popularity': 25.1815, 'release_date': '2023-03-22', 'video': False, 'vote_average': 7.723, 'vote_count': 7065}
{'backdrop_path': '/bVm6udIB6iKsRqgMdQh6HywuEBj.jpg', 'id': 1233069, 'title': 'Exterritorial', 'original_title': 'Exterritorial', 'overview': 'When her son vanishes inside a US consulate, ex-special forces soldier Sara does everything in her power to find him — and uncovers a dark conspiracy.', 'poster_path': '/jM2uqCZNKbiyStyzXOERpMqAbdx.jpg', 'media_type': 'movie', 'adult': False, 'original_language': 'de', 'genre_ids': [53, 28], 'popularity': 159.4414, 'release_date': '2025-04-29', 'video': False, 'vote_average': 6.691, 'vote_count': 363}
{'backdrop_path': '/eQV9rSQ6S1ja4lGTwHTnQuVhoG.jpg', 'id': 1284120, 'title': 'The Ugly Stepsister', 'original_title': 'Den stygge stesøsteren', 'overview': 'In a fairy-tale kingdom where beauty is a brutal business, Elvira battles to compete with her incredibly beautiful stepsister, and she will go to any length to catch the prince’s eye.', 'poster_path': '/crX9rSg9EohybhkEe8iTQUCe55y.jpg', 'media_type': 'movie', 'adult': False, 'original_language': 'no', 'genre_ids': [27, 18], 'popularity': 43.1094, 'release_date': '2025-03-07', 'video': False, 'vote_average': 6.592, 'vote_count': 49}
{'backdrop_path': '/82a7AGF081PzFfoM8GAVGMvZNYK.jpg', 'id': 675, 'title': 'Harry Potter and the Order of the Phoenix', 'original_title': 'Harry Potter and the Order of the Phoenix', 'overview': 'Returning for his fifth year of study at Hogwarts, Harry is stunned to find that his warnings about the return of Lord Voldemort have been ignored. Left with no choice, Harry takes matters into his own hands, training a small group of students to defend themselves against the dark arts.', 'poster_path': '/5aOyriWkPec0zUDxmHFP9qMmBaj.jpg', 'media_type': 'movie', 'adult': False, 'original_language': 'en', 'genre_ids': [12, 14], 'popularity': 19.499, 'release_date': '2007-07-08', 'video': False, 'vote_average': 7.674, 'vote_count': 19888}
{'backdrop_path': '/aTXhYyxx23AGWAqrkrs1fNGhgSO.jpg', 'id': 1893, 'title': 'Star Wars: Episode I - The Phantom Menace', 'original_title': 'Star Wars: Episode I - The Phantom Menace', 'overview': 'Anakin Skywalker, a young slave strong with the Force, is discovered on Tatooine. Meanwhile, the evil Sith have returned, enacting their plot for revenge against the Jedi.', 'poster_path': '/6wkfovpn7Eq8dYNKaG5PY3q2oq6.jpg', 'media_type': 'movie', 'adult': False, 'original_language': 'en', 'genre_ids': [12, 28, 878], 'popularity': 13.1575, 'release_date': '1999-05-19', 'video': False, 'vote_average': 6.561, 'vote_count': 14995}
{'backdrop_path': '/jE6YGzXVOPseyfhMo7NHzgqk0gF.jpg', 'id': 816956, 'title': 'Dig', 'original_title': 'Dig', 'overview': 'A widower and his deaf daughter are held hostage and forced to dig under their house, revealing dark secrets from the past.', 'poster_path': '/ntD0ieBgZ1AlV0tAam3aeFDH6k7.jpg', 'media_type': 'movie', 'adult': False, 'original_language': 'en', 'genre_ids': [9648, 53], 'popularity': 1.3743, 'release_date': '2022-09-23', 'video': False, 'vote_average': 4.8, 'vote_count': 32}
{'backdrop_path': '/xVEBLD278GuFZoPFskpD3dvdJlV.jpg', 'id': 20352, 'title': 'Despicable Me', 'original_title': 'Despicable Me', 'overview': 'Villainous Gru lives up to his reputation as a despicable, deplorable and downright unlikable guy when he hatches a plan to steal the moon from the sky. But he has a tough time staying on task after three orphans land in his care.', 'poster_path': '/9lOloREsAhBu0pEtU0BgeR1rHyo.jpg', 'media_type': 'movie', 'adult': False, 'original_language': 'en', 'genre_ids': [16, 10751, 35], 'popularity': 12.2809, 'release_date': '2010-07-08', 'video': False, 'vote_average': 7.249, 'vote_count': 15379}
{'backdrop_path': '/7lmBufEG7P7Y1HClYK3gCxYrkgS.jpg', 'id': 10138, 'title': 'Iron Man 2', 'original_title': 'Iron Man 2', 'overview': "With the world now aware of his dual life as the armored superhero Iron Man, billionaire inventor Tony Stark faces pressure from the government, the press and the public to share his technology with the military. Unwilling to let go of his invention, Stark, with Pepper Potts and James 'Rhodey' Rhodes at his side, must forge new alliances – and confront powerful enemies.", 'poster_path': '/6WBeq4fCfn7AN0o21W9qNcRF2l9.jpg', 'media_type': 'movie', 'adult': False, 'original_language': 'en', 'genre_ids': [12, 28, 878], 'popularity': 15.5152, 'release_date': '2010-04-28', 'video': False, 'vote_average': 6.849, 'vote_count': 21438}
{'backdrop_path': '/weAYfu6FfrNxEDJ3xH1XpgQcqUv.jpg', 'id': 8966, 'title': 'Twilight', 'original_title': 'Twilight', 'overview': "When Bella Swan moves to a small town in the Pacific Northwest, she falls in love with Edward Cullen, a mysterious classmate who reveals himself to be a 108-year-old vampire. Despite Edward's repeated cautions, Bella can't stay away from him, a fatal move that endangers her own life.", 'poster_path': '/3Gkb6jm6962ADUPaCBqzz9CTbn9.jpg', 'media_type': 'movie', 'adult': False, 'original_language': 'en', 'genre_ids': [14, 18, 10749], 'popularity': 22.4606, 'release_date': '2008-11-20', 'video': False, 'vote_average': 6.287, 'vote_count': 13791}
